mean_fit_time,std_fit_time,mean_score_time,std_score_time,param_subsample,param_scale_pos_weight,param_reg_lambda,param_reg_alpha,param_n_estimators,param_min_child_weight,param_max_depth,param_learning_rate,param_gamma,param_colsample_bytree,params,split0_test_score,split1_test_score,split2_test_score,mean_test_score,std_test_score,rank_test_score,split0_train_score,split1_train_score,split2_train_score,mean_train_score,std_train_score
135.23840324083963,0.39072527942814034,2.3604873021443686,0.04074781874677228,1.0,10.0,7,0.0,500,2,5,0.05,0.5,0.8,"{'subsample': 1.0, 'scale_pos_weight': 10, 'reg_lambda': 7, 'reg_alpha': 0, 'n_estimators': 500, 'min_child_weight': 2, 'max_depth': 5, 'learning_rate': 0.05, 'gamma': 0.5, 'colsample_bytree': 0.8}",0.7576705631299226,0.7648794837144439,0.7627409830662292,0.7617636766368653,0.003023075684479928,36,0.8440893615271081,0.840694427954191,0.8450780519183947,0.8432872804665646,0.0018773279389684174
171.13840834299722,0.11020414368458058,2.7048096656799316,0.009000763403377889,0.9,11.3,7,0.05,500,4,6,0.03,0.7,0.8,"{'subsample': 0.9, 'scale_pos_weight': 11.3, 'reg_lambda': 7, 'reg_alpha': 0.05, 'n_estimators': 500, 'min_child_weight': 4, 'max_depth': 6, 'learning_rate': 0.03, 'gamma': 0.7, 'colsample_bytree': 0.8}",0.7591317659069758,0.7636780290122069,0.7624821523341216,0.7617639824177681,0.0019242233198640208,35,0.8581967765002716,0.8559616003698359,0.8579691634037387,0.8573758467579488,0.0010043311423184262
127.8033143679301,2.0398143659333883,2.2949957052866616,0.02126385441769221,1.0,10.0,5,0.0,400,2,6,0.04,0.3,0.8,"{'subsample': 1.0, 'scale_pos_weight': 10, 'reg_lambda': 5, 'reg_alpha': 0, 'n_estimators': 400, 'min_child_weight': 2, 'max_depth': 6, 'learning_rate': 0.04, 'gamma': 0.3, 'colsample_bytree': 0.8}",0.757043694850863,0.763659178648347,0.76075911063577,0.7604873280449933,0.0027075888167864145,76,0.8572311834017107,0.8537529200272969,0.8579664656996518,0.8563168563762198,0.001837659238526486
151.06728601455688,0.8958088374924317,2.764664967854818,0.04858210536117964,1.0,13.0,7,0.1,500,3,6,0.04,0.5,0.8,"{'subsample': 1.0, 'scale_pos_weight': 13, 'reg_lambda': 7, 'reg_alpha': 0.1, 'n_estimators': 500, 'min_child_weight': 3, 'max_depth': 6, 'learning_rate': 0.04, 'gamma': 0.5, 'colsample_bytree': 0.8}",0.7554875068396942,0.7625056143304926,0.7606238268714088,0.759538982680532,0.002966043759731084,88,0.8694736516474941,0.8656183664719798,0.8700271607452503,0.8683730596215747,0.0019609256048515873
162.35871513684592,1.3347537718767963,2.212236245473226,0.01589608281703255,0.8,10.0,3,0.0,500,2,5,0.02,0.5,0.8,"{'subsample': 0.8, 'scale_pos_weight': 10, 'reg_lambda': 3, 'reg_alpha': 0, 'n_estimators': 500, 'min_child_weight': 2, 'max_depth': 5, 'learning_rate': 0.02, 'gamma': 0.5, 'colsample_bytree': 0.8}",0.7586212931642173,0.7632938799579492,0.7618134464933931,0.7612428732051866,0.0019497747295778272,55,0.8083485182267315,0.8047074434482829,0.8071038486423389,0.806719936772451,0.0015110476781456592
111.42270056406657,0.2392342878870565,1.6529836654663086,0.005809861985928638,0.9,13.0,5,0.0,400,3,4,0.04,0.3,0.7,"{'subsample': 0.9, 'scale_pos_weight': 13, 'reg_lambda': 5, 'reg_alpha': 0, 'n_estimators': 400, 'min_child_weight': 3, 'max_depth': 4, 'learning_rate': 0.04, 'gamma': 0.3, 'colsample_bytree': 0.7}",0.7589400280292707,0.763445910236519,0.7620633659168876,0.7614831013942259,0.0018847234639939505,46,0.7979264715209231,0.7949073929906119,0.796951497945657,0.796595120819064,0.0012580308118419572
178.02334880828857,0.5396103603900998,2.589238246281942,0.020266369142595726,0.8,13.0,7,0.05,700,4,4,0.05,0.7,0.8,"{'subsample': 0.8, 'scale_pos_weight': 13, 'reg_lambda': 7, 'reg_alpha': 0.05, 'n_estimators': 700, 'min_child_weight': 4, 'max_depth': 4, 'learning_rate': 0.05, 'gamma': 0.7, 'colsample_bytree': 0.8}",0.7595303808671232,0.764843892055286,0.7633375227371629,0.7625705985531908,0.002235990431502175,11,0.8304448936806978,0.8279522854890211,0.8290005030404052,0.829132560736708,0.0010218784421081627
171.7104614575704,0.6562940974309345,2.6003738244374595,0.014633987883684451,0.8,12.0,5,0.0,600,3,5,0.04,0.7,0.7,"{'subsample': 0.8, 'scale_pos_weight': 12, 'reg_lambda': 5, 'reg_alpha': 0, 'n_estimators': 600, 'min_child_weight': 3, 'max_depth': 5, 'learning_rate': 0.04, 'gamma': 0.7, 'colsample_bytree': 0.7}",0.7583934786918749,0.7639090256231491,0.763364910933805,0.7618891384162764,0.0024817658874803543,32,0.8482228279280202,0.84588494223268,0.8471810790760238,0.8470962830789079,0.0009563193859669299
216.54665398597717,0.7188007918408936,3.7775352795918784,0.023894565484810414,1.0,13.0,3,0.1,700,4,6,0.02,0.5,0.8,"{'subsample': 1.0, 'scale_pos_weight': 13, 'reg_lambda': 3, 'reg_alpha': 0.1, 'n_estimators': 700, 'min_child_weight': 4, 'max_depth': 6, 'learning_rate': 0.02, 'gamma': 0.5, 'colsample_bytree': 0.8}",0.7563180640509996,0.7623514078538628,0.7613215240225395,0.7599969986424672,0.0026351578033366008,83,0.8498290340612323,0.8459903437584131,0.8507673395093006,0.8488622391096486,0.002066549694507748
161.53657841682434,1.0609153567813359,2.2395233313242593,0.07438172184892265,0.8,10.0,3,0.1,500,3,5,0.02,0.7,0.8,"{'subsample': 0.8, 'scale_pos_weight': 10, 'reg_lambda': 3, 'reg_alpha': 0.1, 'n_estimators': 500, 'min_child_weight': 3, 'max_depth': 5, 'learning_rate': 0.02, 'gamma': 0.7, 'colsample_bytree': 0.8}",0.7585056781335738,0.7633297441428311,0.7618126319112137,0.7612160180625395,0.002014094383544806,56,0.8080193237549924,0.8046438573647008,0.8068854741304355,0.8065162184167095,0.0014025466539088927
119.70920499165852,0.8390856326560966,1.6410388151804607,0.019436698084279395,0.8,11.3,3,0.05,400,3,4,0.02,0.5,0.6,"{'subsample': 0.8, 'scale_pos_weight': 11.3, 'reg_lambda': 3, 'reg_alpha': 0.05, 'n_estimators': 400, 'min_child_weight': 3, 'max_depth': 4, 'learning_rate': 0.02, 'gamma': 0.5, 'colsample_bytree': 0.6}",0.7547882879905968,0.7585939003212319,0.7577619301521732,0.7570480394880006,0.001633585262148854,100,0.7790875545293025,0.7759279532390848,0.7773466593937032,0.7774540557206969,0.0012921353274264107
110.33916091918945,0.4825778328455748,1.8590599695841472,0.007067437510848694,1.0,10.0,5,0.05,400,4,5,0.04,0.7,0.6,"{'subsample': 1.0, 'scale_pos_weight': 10, 'reg_lambda': 5, 'reg_alpha': 0.05, 'n_estimators': 400, 'min_child_weight': 4, 'max_depth': 5, 'learning_rate': 0.04, 'gamma': 0.7, 'colsample_bytree': 0.6}",0.7590509139370577,0.7645108946767027,0.7626160584225955,0.7620592890121186,0.0022635284478965964,26,0.8217860625312416,0.8176125706530131,0.8212407453470342,0.8202131261770963,0.0018522975792652444
161.19431630770364,1.0450044930002804,2.2747178077697754,0.024996087460210734,0.8,13.0,3,0.05,600,4,4,0.03,0.5,0.7,"{'subsample': 0.8, 'scale_pos_weight': 13, 'reg_lambda': 3, 'reg_alpha': 0.05, 'n_estimators': 600, 'min_child_weight': 4, 'max_depth': 4, 'learning_rate': 0.03, 'gamma': 0.5, 'colsample_bytree': 0.7}",0.759172745960778,0.7644581459201316,0.7624040145655712,0.7620116354821603,0.002175520503451622,27,0.8030314720203899,0.7997764274806745,0.8013438681792273,0.8013839225600972,0.0013291681619100582
140.1944670677185,1.023421637447701,2.271949132283529,0.0141330014529768,1.0,12.0,5,0.0,400,2,6,0.02,0.5,0.7,"{'subsample': 1.0, 'scale_pos_weight': 12, 'reg_lambda': 5, 'reg_alpha': 0, 'n_estimators': 400, 'min_child_weight': 2, 'max_depth': 6, 'learning_rate': 0.02, 'gamma': 0.5, 'colsample_bytree': 0.7}",0.7570771674221307,0.7616033608112739,0.7608843829547005,0.759854970396035,0.00198601347946659,86,0.8255261547277063,0.8222996008373409,0.8251552387179059,0.8243269980943176,0.0014415615144186178
189.05332668622336,0.45350017078135246,2.5533971786499023,0.03114176781325203,0.9,10.0,5,0.0,700,3,4,0.02,0.3,0.6,"{'subsample': 0.9, 'scale_pos_weight': 10, 'reg_lambda': 5, 'reg_alpha': 0, 'n_estimators': 700, 'min_child_weight': 3, 'max_depth': 4, 'learning_rate': 0.02, 'gamma': 0.3, 'colsample_bytree': 0.6}",0.7585698609473563,0.763609316460197,0.7618713289195871,0.7613501687757136,0.0020900931220317843,52,0.7930546689226334,0.7904122737883721,0.7922612533385903,0.7919093986831985,0.0011070725014748338
130.93176770210266,0.7962315280270386,2.2036635080973306,0.03026208635848055,1.0,13.0,3,0.0,500,2,5,0.05,0.3,0.7,"{'subsample': 1.0, 'scale_pos_weight': 13, 'reg_lambda': 3, 'reg_alpha': 0, 'n_estimators': 500, 'min_child_weight': 2, 'max_depth': 5, 'learning_rate': 0.05, 'gamma': 0.3, 'colsample_bytree': 0.7}",0.7568482848894145,0.7631105623235671,0.7609214749993206,0.760293440737434,0.002594847451026988,77,0.8453977196158605,0.8422524315317159,0.8447836580089919,0.8441446030521894,0.0013612500900338765
165.9600234826406,1.1793192926097438,2.737682819366455,0.03603708205413846,1.0,11.3,5,0.0,500,2,6,0.02,0.5,0.7,"{'subsample': 1.0, 'scale_pos_weight': 11.3, 'reg_lambda': 5, 'reg_alpha': 0, 'n_estimators': 500, 'min_child_weight': 2, 'max_depth': 6, 'learning_rate': 0.02, 'gamma': 0.5, 'colsample_bytree': 0.7}",0.7582322717107118,0.76257679464301,0.7612934545025494,0.7607008402854237,0.0018224733349801849,70,0.8335200247118346,0.83038466835253,0.8338935854377963,0.8325994261673869,0.0015734783205471556
151.11189436912537,0.46411581755282083,2.1829700469970703,0.030678889929282013,0.9,12.0,5,0.0,500,2,5,0.03,0.3,0.6,"{'subsample': 0.9, 'scale_pos_weight': 12, 'reg_lambda': 5, 'reg_alpha': 0, 'n_estimators': 500, 'min_child_weight': 2, 'max_depth': 5, 'learning_rate': 0.03, 'gamma': 0.3, 'colsample_bytree': 0.6}",0.7593763627538613,0.7647728279669747,0.763154014305065,0.7624344016753003,0.002261097219164947,16,0.8227459666175818,0.8200398180758492,0.8209049916512947,0.8212302587815753,0.00112846769618837
111.49869775772095,0.6290566170902162,1.860737959543864,0.01521378269162859,1.0,13.0,7,0.1,400,4,5,0.04,0.3,0.8,"{'subsample': 1.0, 'scale_pos_weight': 13, 'reg_lambda': 7, 'reg_alpha': 0.1, 'n_estimators': 400, 'min_child_weight': 4, 'max_depth': 5, 'learning_rate': 0.04, 'gamma': 0.3, 'colsample_bytree': 0.8}",0.7580280136806309,0.7639943983138995,0.7615804820018017,0.7612009646654441,0.0024505049077653282,57,0.8216299969350672,0.8191898340116965,0.8215742567171479,0.820798029221304,0.001137393399291098
166.30860630671182,0.5299402146098201,2.7624842325846353,0.048581830636138315,0.8,13.0,5,0.1,500,4,6,0.03,0.7,0.7,"{'subsample': 0.8, 'scale_pos_weight': 13, 'reg_lambda': 5, 'reg_alpha': 0.1, 'n_estimators': 500, 'min_child_weight': 4, 'max_depth': 6, 'learning_rate': 0.03, 'gamma': 0.7, 'colsample_bytree': 0.7}",0.7588133847242038,0.7632394830219079,0.7631522188176539,0.7617350288545887,0.002066221523908607,38,0.85783538821096,0.8566727088625452,0.858800680717158,0.8577695925968877,0.0008699857664082369
151.6989270846049,0.24225813660467924,2.2215733528137207,0.014147830283830603,0.8,10.0,3,0.05,500,4,5,0.03,0.7,0.8,"{'subsample': 0.8, 'scale_pos_weight': 10, 'reg_lambda': 3, 'reg_alpha': 0.05, 'n_estimators': 500, 'min_child_weight': 4, 'max_depth': 5, 'learning_rate': 0.03, 'gamma': 0.7, 'colsample_bytree': 0.8}",0.7598572183627992,0.7643784020878998,0.7629069464201708,0.7623808556236232,0.0018828797472112743,17,0.8244361252576613,0.8218765737337765,0.8239393576861251,0.8234173522258543,0.001108209750384108
194.6085877418518,0.6386772555587902,3.2870567639668784,0.03124058103776306,0.9,13.0,5,0.0,600,2,6,0.03,0.7,0.7,"{'subsample': 0.9, 'scale_pos_weight': 13, 'reg_lambda': 5, 'reg_alpha': 0, 'n_estimators': 600, 'min_child_weight': 2, 'max_depth': 6, 'learning_rate': 0.03, 'gamma': 0.7, 'colsample_bytree': 0.7}",0.75822797943056,0.7629006634117743,0.7621812739319835,0.7611033055914392,0.002054264784050666,59,0.8708632995890145,0.8690095021933958,0.8692446745167167,0.8697058254330424,0.0008240697064859221
153.62591004371643,0.35122036858147165,2.5970820585886636,0.006374191542859444,1.0,11.3,7,0.05,600,3,5,0.05,0.5,0.8,"{'subsample': 1.0, 'scale_pos_weight': 11.3, 'reg_lambda': 7, 'reg_alpha': 0.05, 'n_estimators': 600, 'min_child_weight': 3, 'max_depth': 5, 'learning_rate': 0.05, 'gamma': 0.5, 'colsample_bytree': 0.8}",0.7566004898730041,0.7640380946075456,0.7616615915424848,0.7607667253410115,0.003101621101480416,68,0.8541524972389052,0.8512073653471024,0.8541633774882451,0.8531744133580842,0.0013909200799200312
117.92396815617879,0.4319256485425369,1.8619498411814372,0.018395726444423624,1.0,13.0,5,0.05,400,4,5,0.03,0.7,0.8,"{'subsample': 1.0, 'scale_pos_weight': 13, 'reg_lambda': 5, 'reg_alpha': 0.05, 'n_estimators': 400, 'min_child_weight': 4, 'max_depth': 5, 'learning_rate': 0.03, 'gamma': 0.7, 'colsample_bytree': 0.8}",0.7571111840429134,0.7623586458164716,0.7608509510191834,0.7601069269595229,0.002205922727152812,79,0.8109617108336608,0.8078817850212657,0.810910006525388,0.8099178341267715,0.0014398588597258728
163.62428776423135,1.4409004052635384,2.762860139211019,0.013426209355397593,1.0,13.0,3,0.05,500,2,6,0.02,0.3,0.6,"{'subsample': 1.0, 'scale_pos_weight': 13, 'reg_lambda': 3, 'reg_alpha': 0.05, 'n_estimators': 500, 'min_child_weight': 2, 'max_depth': 6, 'learning_rate': 0.02, 'gamma': 0.3, 'colsample_bytree': 0.6}",0.7575955323896221,0.7626840265018441,0.7612905378374524,0.7605233655763062,0.002147030203363651,74,0.8348412547167553,0.8318451739532212,0.8342400412788302,0.8336421566496023,0.0012941469539958354
189.64654763539633,0.6727756397429501,3.225813945134481,0.03350930265693584,0.8,11.3,5,0.1,600,3,6,0.05,0.5,0.8,"{'subsample': 0.8, 'scale_pos_weight': 11.3, 'reg_lambda': 5, 'reg_alpha': 0.1, 'n_estimators': 600, 'min_child_weight': 3, 'max_depth': 6, 'learning_rate': 0.05, 'gamma': 0.5, 'colsample_bytree': 0.8}",0.7547703553971896,0.7604500259360327,0.7599541361176642,0.7583915058169621,0.0025685306370185766,93,0.9072309356721807,0.90578060802295,0.9070702879009841,0.9066939438653715,0.0006491474908866139
149.02032478650412,0.462840575880468,2.336675484975179,0.05046582625783873,0.9,10.0,7,0.05,400,4,6,0.02,0.5,0.7,"{'subsample': 0.9, 'scale_pos_weight': 10, 'reg_lambda': 7, 'reg_alpha': 0.05, 'n_estimators': 400, 'min_child_weight': 4, 'max_depth': 6, 'learning_rate': 0.02, 'gamma': 0.5, 'colsample_bytree': 0.7}",0.758916032740439,0.7634101903299617,0.7615514155454423,0.761292546205281,0.0018438407580054041,53,0.8253610573988067,0.8226605122034722,0.8239591646453341,0.8239935780825377,0.0011027614736064926
204.04724510510763,1.4085884685575345,2.9728333950042725,0.021005169945310802,0.8,13.0,5,0.05,700,2,5,0.03,0.7,0.8,"{'subsample': 0.8, 'scale_pos_weight': 13, 'reg_lambda': 5, 'reg_alpha': 0.05, 'n_estimators': 700, 'min_child_weight': 2, 'max_depth': 5, 'learning_rate': 0.03, 'gamma': 0.7, 'colsample_bytree': 0.8}",0.7592340281790797,0.7651388841185754,0.7631175404611886,0.7624968175862813,0.00245027938299894,15,0.8415538189773945,0.8392746083594013,0.8408382329684548,0.8405555534350836,0.0009517111078590647
227.12823112805685,1.6106436001177418,3.6901440620422363,0.06734560740767606,0.8,12.0,5,0.1,700,2,6,0.03,0.7,0.7,"{'subsample': 0.8, 'scale_pos_weight': 12, 'reg_lambda': 5, 'reg_alpha': 0.1, 'n_estimators': 700, 'min_child_weight': 2, 'max_depth': 6, 'learning_rate': 0.03, 'gamma': 0.7, 'colsample_bytree': 0.7}",0.7575165359992653,0.7630739537026087,0.762289302758534,0.7609599308201359,0.0024558291465149795,65,0.8818010375183243,0.8797029369751027,0.8814789489107648,0.8809943078013974,0.0009225559517028137
167.43350672721863,3.501710124198234,2.847206433614095,0.10683958283493478,0.8,12.0,3,0.0,500,2,6,0.04,0.5,0.8,"{'subsample': 0.8, 'scale_pos_weight': 12, 'reg_lambda': 3, 'reg_alpha': 0, 'n_estimators': 500, 'min_child_weight': 2, 'max_depth': 6, 'learning_rate': 0.04, 'gamma': 0.5, 'colsample_bytree': 0.8}",0.7567884163983056,0.7616195941266378,0.761682094365528,0.7600300349634906,0.0022923124803828866,80,0.880213117281121,0.8784169176274514,0.8799341561319111,0.8795213970134945,0.0007892447302485395
125.34529153505962,0.474370538300161,2.069773038228353,0.23075556229087774,0.9,12.0,3,0.05,400,2,5,0.03,0.5,0.7,"{'subsample': 0.9, 'scale_pos_weight': 12, 'reg_lambda': 3, 'reg_alpha': 0.05, 'n_estimators': 400, 'min_child_weight': 2, 'max_depth': 5, 'learning_rate': 0.03, 'gamma': 0.5, 'colsample_bytree': 0.7}",0.7588195195587905,0.7637704753485854,0.7619739913228261,0.7615213287434006,0.0020464063405940297,45,0.8141495124612712,0.8111502723321533,0.8128076221777908,0.8127024689904051,0.0012266901898036608
174.20025078455606,1.1855672078913126,2.6300764083862305,0.03556576798330584,0.8,12.0,3,0.1,600,4,5,0.04,0.3,0.7,"{'subsample': 0.8, 'scale_pos_weight': 12, 'reg_lambda': 3, 'reg_alpha': 0.1, 'n_estimators': 600, 'min_child_weight': 4, 'max_depth': 5, 'learning_rate': 0.04, 'gamma': 0.3, 'colsample_bytree': 0.7}",0.7590316818367978,0.7641085875941562,0.7639010683230251,0.7623471125846598,0.002345893837449278,20,0.848565708391734,0.8468874137167315,0.8480943177865556,0.8478491466316737,0.0007067531041908107
147.4565591017405,0.8831021430667987,2.3041107654571533,0.0555717396146523,1.0,13.0,5,0.05,600,3,4,0.03,0.5,0.7,"{'subsample': 1.0, 'scale_pos_weight': 13, 'reg_lambda': 5, 'reg_alpha': 0.05, 'n_estimators': 600, 'min_child_weight': 3, 'max_depth': 4, 'learning_rate': 0.03, 'gamma': 0.5, 'colsample_bytree': 0.7}",0.7584496801089045,0.7641018556076156,0.7618202196490288,0.7614572517885163,0.0023217208011704483,48,0.7994485595767726,0.7964039503767442,0.7985392328132355,0.7981305809222508,0.0012761030708707234
121.49674185117085,0.6312119612238295,1.6136244138081868,0.017064127373597315,0.8,11.3,5,0.0,400,3,4,0.02,0.7,0.6,"{'subsample': 0.8, 'scale_pos_weight': 11.3, 'reg_lambda': 5, 'reg_alpha': 0, 'n_estimators': 400, 'min_child_weight': 3, 'max_depth': 4, 'learning_rate': 0.02, 'gamma': 0.7, 'colsample_bytree': 0.6}",0.7546715628184016,0.7587880017584321,0.757909439662846,0.7571230014132265,0.0017701471176332694,99,0.7786001147421062,0.7758670906774243,0.777210726919085,0.7772259774462053,0.0011158045134836345
130.69881828625998,1.5086255515292095,2.306845506032308,0.016918567798959804,1.0,12.0,3,0.0,400,4,6,0.03,0.5,0.8,"{'subsample': 1.0, 'scale_pos_weight': 12, 'reg_lambda': 3, 'reg_alpha': 0, 'n_estimators': 400, 'min_child_weight': 4, 'max_depth': 6, 'learning_rate': 0.03, 'gamma': 0.5, 'colsample_bytree': 0.8}",0.7571294041910368,0.7626135946331348,0.760336944654341,0.7600266478261709,0.0022496369029214704,81,0.8429305216106818,0.8389597564004645,0.8423649526328248,0.841418410214657,0.0017537960734192689
163.69588375091553,0.9929655745706136,2.763252099355062,0.0358625867465567,0.8,12.0,5,0.05,500,4,6,0.04,0.3,0.6,"{'subsample': 0.8, 'scale_pos_weight': 12, 'reg_lambda': 5, 'reg_alpha': 0.05, 'n_estimators': 500, 'min_child_weight': 4, 'max_depth': 6, 'learning_rate': 0.04, 'gamma': 0.3, 'colsample_bytree': 0.6}",0.758429681530046,0.7630435510534661,0.7622927664862014,0.7612553330232378,0.002021410256453596,54,0.8746495954719551,0.8737076779522122,0.8753936661635227,0.8745836465292299,0.0006898797042259917
203.79040304819742,1.9398264349601515,3.810150941212972,0.06653370292543953,1.0,12.0,3,0.1,700,2,6,0.03,0.5,0.7,"{'subsample': 1.0, 'scale_pos_weight': 12, 'reg_lambda': 3, 'reg_alpha': 0.1, 'n_estimators': 700, 'min_child_weight': 2, 'max_depth': 6, 'learning_rate': 0.03, 'gamma': 0.5, 'colsample_bytree': 0.7}",0.7560804496738569,0.7622329543475728,0.7614963095118912,0.7599365711777736,0.002743223917608715,84,0.8740155749484277,0.8702115522516937,0.8734843248914615,0.8725704840305277,0.00168205747199698
107.15497024854024,0.7752286774153536,1.6334490776062012,0.01145888011494019,1.0,10.0,3,0.0,400,2,4,0.03,0.3,0.6,"{'subsample': 1.0, 'scale_pos_weight': 10, 'reg_lambda': 3, 'reg_alpha': 0, 'n_estimators': 400, 'min_child_weight': 2, 'max_depth': 4, 'learning_rate': 0.03, 'gamma': 0.3, 'colsample_bytree': 0.6}",0.7573924977195007,0.7620234271528521,0.76015462653421,0.7598568504688542,0.0019022582707568327,85,0.7883983551961532,0.785306143351686,0.7874625958443914,0.7870556981307435,0.0012947632562994292
147.46659302711487,0.7251055199406023,2.783517519632975,0.03211565543825114,1.0,10.0,7,0.0,500,2,6,0.04,0.7,0.6,"{'subsample': 1.0, 'scale_pos_weight': 10, 'reg_lambda': 7, 'reg_alpha': 0, 'n_estimators': 500, 'min_child_weight': 2, 'max_depth': 6, 'learning_rate': 0.04, 'gamma': 0.7, 'colsample_bytree': 0.6}",0.7582478507639518,0.7639827538507986,0.7630327327374506,0.7617544457840669,0.0025096867673442443,37,0.8675827238786118,0.8660282233319035,0.8688878932571245,0.8674996134892133,0.001168933566097099
121.59027806917827,0.4144715622351962,1.8467122713724773,0.007322035094787213,0.9,10.0,5,0.05,400,3,5,0.04,0.7,0.7,"{'subsample': 0.9, 'scale_pos_weight': 10, 'reg_lambda': 5, 'reg_alpha': 0.05, 'n_estimators': 400, 'min_child_weight': 3, 'max_depth': 5, 'learning_rate': 0.04, 'gamma': 0.7, 'colsample_bytree': 0.7}",0.7592011277114457,0.765007701055953,0.7633138497566594,0.7625075595080193,0.0024381210627687174,14,0.8258252374120586,0.8231109045278947,0.8242876428059841,0.8244079282486458,0.0011113811804238942
120.46507334709167,0.3774033504804601,1.9461771647135417,0.01419129404247056,1.0,12.0,3,0.05,500,4,4,0.04,0.3,0.6,"{'subsample': 1.0, 'scale_pos_weight': 12, 'reg_lambda': 3, 'reg_alpha': 0.05, 'n_estimators': 500, 'min_child_weight': 4, 'max_depth': 4, 'learning_rate': 0.04, 'gamma': 0.3, 'colsample_bytree': 0.6}",0.7591142641446762,0.7640556715148058,0.7627230422193636,0.7619643259596153,0.002087440932736819,29,0.8031344197963998,0.7991088730455542,0.8025690376291096,0.8016041101570212,0.0017794325744656069
200.6416928768158,0.567628351954395,3.0660712718963623,0.06428258559290534,0.8,10.0,3,0.0,700,3,5,0.03,0.5,0.7,"{'subsample': 0.8, 'scale_pos_weight': 10, 'reg_lambda': 3, 'reg_alpha': 0, 'n_estimators': 700, 'min_child_weight': 3, 'max_depth': 5, 'learning_rate': 0.03, 'gamma': 0.5, 'colsample_bytree': 0.7}",0.7601374409345582,0.7656629300450914,0.7641221727786314,0.7633075145860936,0.0023281621443615318,1,0.8415153913430228,0.8392817566964373,0.8404984840656413,0.8404318773683671,0.0009130930119464068
186.85712909698486,2.5163953537089103,3.2256076335906982,0.01044466870052973,0.9,12.0,3,0.05,600,4,6,0.05,0.5,0.8,"{'subsample': 0.9, 'scale_pos_weight': 12, 'reg_lambda': 3, 'reg_alpha': 0.05, 'n_estimators': 600, 'min_child_weight': 4, 'max_depth': 6, 'learning_rate': 0.05, 'gamma': 0.5, 'colsample_bytree': 0.8}",0.7547355562668834,0.759853650480068,0.7601214771474931,0.7582368946314816,0.0024782333140769244,96,0.9076211299712855,0.9057205364924885,0.9066970989897191,0.9066795884844977,0.0007760128247463693
135.19802284240723,0.5692465700550049,2.3238953749338784,0.039510225891802656,0.8,12.0,3,0.1,400,4,6,0.04,0.5,0.8,"{'subsample': 0.8, 'scale_pos_weight': 12, 'reg_lambda': 3, 'reg_alpha': 0.1, 'n_estimators': 400, 'min_child_weight': 4, 'max_depth': 6, 'learning_rate': 0.04, 'gamma': 0.5, 'colsample_bytree': 0.8}",0.7580611375792814,0.7625436166399878,0.7614547928732937,0.760686515697521,0.0019088988093536785,71,0.8639467885485935,0.8626340978231564,0.8638801862396712,0.8634870242038071,0.0006037226322276575
190.98430236180624,0.3993371928790051,3.692211707433065,0.03562371165620761,1.0,10.0,5,0.05,700,4,6,0.05,0.5,0.8,"{'subsample': 1.0, 'scale_pos_weight': 10, 'reg_lambda': 5, 'reg_alpha': 0.05, 'n_estimators': 700, 'min_child_weight': 4, 'max_depth': 6, 'learning_rate': 0.05, 'gamma': 0.5, 'colsample_bytree': 0.8}",0.7534947246033378,0.7596905969367387,0.7583686125234766,0.7571846446878511,0.002664400291472449,98,0.9075484848521282,0.9043239283280645,0.9070514901385964,0.9063079677729298,0.0014175237388736356
160.8512338002523,0.34079830483367235,2.2591354846954346,0.031490796664323216,0.8,11.3,7,0.05,500,3,5,0.02,0.3,0.7,"{'subsample': 0.8, 'scale_pos_weight': 11.3, 'reg_lambda': 7, 'reg_alpha': 0.05, 'n_estimators': 500, 'min_child_weight': 3, 'max_depth': 5, 'learning_rate': 0.02, 'gamma': 0.3, 'colsample_bytree': 0.7}",0.7585116075719349,0.7630593345009993,0.7616446907156709,0.7610718775962017,0.0019002703680812173,62,0.8062162613170314,0.8029352094349032,0.8052977735790559,0.8048164147769968,0.0013820528416198157
170.09576431910196,1.2518979354392772,2.5996296405792236,0.027867276388279027,1.0,13.0,5,0.1,600,2,5,0.02,0.5,0.6,"{'subsample': 1.0, 'scale_pos_weight': 13, 'reg_lambda': 5, 'reg_alpha': 0.1, 'n_estimators': 600, 'min_child_weight': 2, 'max_depth': 5, 'learning_rate': 0.02, 'gamma': 0.5, 'colsample_bytree': 0.6}",0.7583502292602614,0.7636205300921902,0.7623685126094115,0.7614464239872877,0.002248214593115317,49,0.8109736266491047,0.8075437131154776,0.8108653914593563,0.8097942437413129,0.001591978807949795
195.2996064821879,1.8571750752030856,2.951920429865519,0.051952420959556295,1.0,10.0,7,0.0,700,2,5,0.02,0.5,0.8,"{'subsample': 1.0, 'scale_pos_weight': 10, 'reg_lambda': 7, 'reg_alpha': 0, 'n_estimators': 700, 'min_child_weight': 2, 'max_depth': 5, 'learning_rate': 0.02, 'gamma': 0.5, 'colsample_bytree': 0.8}",0.7583060580504639,0.7637419072384154,0.7620913432578366,0.761379769515572,0.0022755024341228514,50,0.8165561089100171,0.8126626964314825,0.8165272416212667,0.8152486823209221,0.0018286061349883326
170.75104403495789,1.4649935352374859,2.590641736984253,0.06578003500480224,0.8,12.0,3,0.05,600,2,5,0.05,0.3,0.8,"{'subsample': 0.8, 'scale_pos_weight': 12, 'reg_lambda': 3, 'reg_alpha': 0.05, 'n_estimators': 600, 'min_child_weight': 2, 'max_depth': 5, 'learning_rate': 0.05, 'gamma': 0.3, 'colsample_bytree': 0.8}",0.7579171868868797,0.7631028334138821,0.762242147167286,0.761087389156016,0.0022690426798097417,61,0.8639364322519101,0.8613595231289207,0.8625845601232426,0.8626268385013578,0.001052443427768126
158.60986932118735,1.08770291943807,2.2501349449157715,0.051494285340069605,0.9,10.0,5,0.05,500,4,5,0.02,0.7,0.7,"{'subsample': 0.9, 'scale_pos_weight': 10, 'reg_lambda': 5, 'reg_alpha': 0.05, 'n_estimators': 500, 'min_child_weight': 4, 'max_depth': 5, 'learning_rate': 0.02, 'gamma': 0.7, 'colsample_bytree': 0.7}",0.7584237510897521,0.7631605317185275,0.7613231381577065,0.7609691403219955,0.0019499159865750603,64,0.806479766884759,0.8034930081659067,0.805501844999151,0.8051582066832723,0.001243314757751754
113.7417163848877,1.3048162630392772,1.6404004096984863,0.020892892352220197,0.9,11.3,7,0.05,400,4,4,0.03,0.7,0.6,"{'subsample': 0.9, 'scale_pos_weight': 11.3, 'reg_lambda': 7, 'reg_alpha': 0.05, 'n_estimators': 400, 'min_child_weight': 4, 'max_depth': 4, 'learning_rate': 0.03, 'gamma': 0.7, 'colsample_bytree': 0.6}",0.7579045264639109,0.7625651531857076,0.7610074930739474,0.7604923909078553,0.0019372416887791608,75,0.788789805175879,0.785636514100344,0.7873592434693919,0.7872618542485382,0.001289166306058855
106.44849292437236,0.7230861130409432,1.6258363723754883,0.013645031989739745,1.0,11.3,5,0.0,400,2,4,0.03,0.5,0.6,"{'subsample': 1.0, 'scale_pos_weight': 11.3, 'reg_lambda': 5, 'reg_alpha': 0, 'n_estimators': 400, 'min_child_weight': 2, 'max_depth': 4, 'learning_rate': 0.03, 'gamma': 0.5, 'colsample_bytree': 0.6}",0.7573494206203302,0.7622531432936649,0.7604653610801333,0.7600226416647095,0.0020262649341155066,82,0.7882324034633841,0.7855503751111026,0.7870533010319548,0.7869453598688138,0.0010975905404219447
175.68202797571817,1.1828238088160168,2.653789520263672,0.039009146523942655,1.0,11.3,3,0.0,700,4,4,0.02,0.7,0.7,"{'subsample': 1.0, 'scale_pos_weight': 11.3, 'reg_lambda': 3, 'reg_alpha': 0, 'n_estimators': 700, 'min_child_weight': 4, 'max_depth': 4, 'learning_rate': 0.02, 'gamma': 0.7, 'colsample_bytree': 0.7}",0.7578572412469446,0.762745114345181,0.7610775361199564,0.7605599639040275,0.0020287494678811304,73,0.7924523011693735,0.7893961441161657,0.7916176648048217,0.7911553700301202,0.0012897832705549535
177.61301175753275,0.28558664505286224,2.57224702835083,0.04975199017365289,0.8,11.3,3,0.1,600,4,5,0.03,0.3,0.7,"{'subsample': 0.8, 'scale_pos_weight': 11.3, 'reg_lambda': 3, 'reg_alpha': 0.1, 'n_estimators': 600, 'min_child_weight': 4, 'max_depth': 5, 'learning_rate': 0.03, 'gamma': 0.3, 'colsample_bytree': 0.7}",0.7595661568819178,0.764413777329571,0.7636705165176425,0.7625501502430438,0.0021317084608470397,12,0.8332306425547934,0.8300721396407025,0.8316220256672743,0.8316416026209233,0.001289527719080606
132.95366978645325,0.4504870290253,2.2713109652201333,0.018545746550886325,1.0,12.0,3,0.1,500,3,5,0.04,0.3,0.6,"{'subsample': 1.0, 'scale_pos_weight': 12, 'reg_lambda': 3, 'reg_alpha': 0.1, 'n_estimators': 500, 'min_child_weight': 3, 'max_depth': 5, 'learning_rate': 0.04, 'gamma': 0.3, 'colsample_bytree': 0.6}",0.7586134570477217,0.7637806750245764,0.7626929778246884,0.7616957032989955,0.0022242530978255196,40,0.8327884941882001,0.8300129152500494,0.8326258173116595,0.831809075583303,0.001271812328557314
201.1338894367218,0.9869475033432339,2.999922831853231,0.05554556923331267,0.8,13.0,5,0.0,700,3,5,0.03,0.7,0.6,"{'subsample': 0.8, 'scale_pos_weight': 13, 'reg_lambda': 5, 'reg_alpha': 0, 'n_estimators': 700, 'min_child_weight': 3, 'max_depth': 5, 'learning_rate': 0.03, 'gamma': 0.7, 'colsample_bytree': 0.6}",0.7593888929255648,0.7651968529450793,0.7636070392244263,0.7627309283650234,0.0024506839284225072,7,0.8398101552675513,0.8378132468519314,0.8390351962664138,0.8388861994619655,0.0008220141283843771
183.59746726353964,0.7854304555690137,3.003323713938395,0.0234412408778665,1.0,13.0,3,0.05,700,3,5,0.03,0.3,0.8,"{'subsample': 1.0, 'scale_pos_weight': 13, 'reg_lambda': 3, 'reg_alpha': 0.05, 'n_estimators': 700, 'min_child_weight': 3, 'max_depth': 5, 'learning_rate': 0.03, 'gamma': 0.3, 'colsample_bytree': 0.8}",0.7568242164594878,0.7642570740363821,0.7620690008617538,0.7610500971192079,0.0031188103038422765,63,0.8346354683761356,0.8320865629599217,0.8349742185655504,0.8338987499672026,0.001288850711480421
169.67951822280884,0.5887290328929485,3.2401020526885986,0.058840872513255406,1.0,10.0,5,0.1,600,4,6,0.04,0.3,0.6,"{'subsample': 1.0, 'scale_pos_weight': 10, 'reg_lambda': 5, 'reg_alpha': 0.1, 'n_estimators': 600, 'min_child_weight': 4, 'max_depth': 6, 'learning_rate': 0.04, 'gamma': 0.3, 'colsample_bytree': 0.6}",0.7573121827855679,0.7633886367513845,0.7626079606942155,0.7611029267437225,0.002699341721454106,60,0.8796562052665344,0.8774528397118302,0.8801547040865594,0.8790879163549746,0.0011739483208696555
155.4020049571991,0.6823156483030524,2.6176559130350747,0.00989664894588022,1.0,11.3,3,0.0,600,2,5,0.04,0.7,0.6,"{'subsample': 1.0, 'scale_pos_weight': 11.3, 'reg_lambda': 3, 'reg_alpha': 0, 'n_estimators': 600, 'min_child_weight': 2, 'max_depth': 5, 'learning_rate': 0.04, 'gamma': 0.7, 'colsample_bytree': 0.6}",0.7582759058845236,0.7644800521790576,0.7627160025460653,0.7618239868698821,0.002610188599304921,34,0.8432640978141388,0.8393515813560309,0.8413813326511907,0.8413323372737868,0.0015976538358890382
168.4854258696238,0.3656096333505314,2.5530219078063965,0.013267532506552743,0.9,12.0,5,0.0,600,3,5,0.05,0.7,0.7,"{'subsample': 0.9, 'scale_pos_weight': 12, 'reg_lambda': 5, 'reg_alpha': 0, 'n_estimators': 600, 'min_child_weight': 3, 'max_depth': 5, 'learning_rate': 0.05, 'gamma': 0.7, 'colsample_bytree': 0.7}",0.7577185557114519,0.7644111783158656,0.7626987991315292,0.7616095110529488,0.002838745112413845,44,0.861419185367115,0.8590945588375417,0.8597545265120038,0.8600894235722202,0.0009781237672896056
133.10242557525635,0.45742188367243436,1.929439385732015,0.01112180233952478,1.0,12.0,3,0.05,500,4,4,0.02,0.3,0.6,"{'subsample': 1.0, 'scale_pos_weight': 12, 'reg_lambda': 3, 'reg_alpha': 0.05, 'n_estimators': 500, 'min_child_weight': 4, 'max_depth': 4, 'learning_rate': 0.02, 'gamma': 0.3, 'colsample_bytree': 0.6}",0.7559762546733654,0.7600729775795894,0.7590074152828522,0.758352215845269,0.001735463313710414,94,0.7838155074277279,0.7811494211845871,0.7829147617085166,0.7826265634402771,0.001107338444297346
154.7328783671061,0.8581892415453874,2.274653991063436,0.014245768225941369,0.9,12.0,3,0.1,600,4,4,0.04,0.3,0.7,"{'subsample': 0.9, 'scale_pos_weight': 12, 'reg_lambda': 3, 'reg_alpha': 0.1, 'n_estimators': 600, 'min_child_weight': 4, 'max_depth': 4, 'learning_rate': 0.04, 'gamma': 0.3, 'colsample_bytree': 0.7}",0.7591702100688396,0.7649523923610558,0.7629841974664229,0.7623689332987729,0.0024003222717099903,18,0.8134005845114387,0.8103934132800862,0.8113882232937915,0.8117274070284388,0.0012508807318726924
220.99044998486838,2.236060133234917,3.7230071226755777,0.008878353755669633,0.8,11.3,7,0.0,700,4,6,0.03,0.5,0.6,"{'subsample': 0.8, 'scale_pos_weight': 11.3, 'reg_lambda': 7, 'reg_alpha': 0, 'n_estimators': 700, 'min_child_weight': 4, 'max_depth': 6, 'learning_rate': 0.03, 'gamma': 0.5, 'colsample_bytree': 0.6}",0.7586630567294758,0.7640342852590075,0.7632771735196707,0.7619915051693846,0.002373777764002551,28,0.878206294173632,0.8764328513203007,0.8780798628017336,0.8775730027652221,0.0008078593982318624
132.0724380016327,0.37479174583256286,1.942899227142334,0.011097306983840212,0.8,10.0,3,0.0,500,4,4,0.04,0.5,0.6,"{'subsample': 0.8, 'scale_pos_weight': 10, 'reg_lambda': 3, 'reg_alpha': 0, 'n_estimators': 500, 'min_child_weight': 4, 'max_depth': 4, 'learning_rate': 0.04, 'gamma': 0.5, 'colsample_bytree': 0.6}",0.7602198459003293,0.7648019792020391,0.763452264602583,0.7628246965683171,0.0019225621146244092,3,0.8057399347917764,0.803008420900337,0.8041988446572514,0.8043157334497882,0.001118194758572107
158.57076001167297,0.6702640940632894,2.255265553792318,0.010909155834344693,0.9,13.0,7,0.05,600,4,4,0.03,0.7,0.7,"{'subsample': 0.9, 'scale_pos_weight': 13, 'reg_lambda': 7, 'reg_alpha': 0.05, 'n_estimators': 600, 'min_child_weight': 4, 'max_depth': 4, 'learning_rate': 0.03, 'gamma': 0.7, 'colsample_bytree': 0.7}",0.7592263273235133,0.7638893085874098,0.7625784153076203,0.7618980170728479,0.0019635095934361457,31,0.8016121579040549,0.7989156683091461,0.799837313915528,0.8001217133762429,0.0011190550548875824
145.02267344792685,0.4339665495515389,2.2524104913075766,0.04455943669067307,0.9,11.3,5,0.1,500,2,5,0.04,0.3,0.6,"{'subsample': 0.9, 'scale_pos_weight': 11.3, 'reg_lambda': 5, 'reg_alpha': 0.1, 'n_estimators': 500, 'min_child_weight': 2, 'max_depth': 5, 'learning_rate': 0.04, 'gamma': 0.3, 'colsample_bytree': 0.6}",0.7600705889717737,0.7650452775440045,0.7635645496961659,0.7628934720706481,0.0020856079021513165,2,0.8369705944797347,0.8348926937873642,0.8354421402238631,0.835768476163654,0.0008791242540307978
160.96026722590128,0.5807768631248615,2.584047476450602,0.022463907986663957,1.0,13.0,3,0.1,700,4,4,0.04,0.7,0.7,"{'subsample': 1.0, 'scale_pos_weight': 13, 'reg_lambda': 3, 'reg_alpha': 0.1, 'n_estimators': 700, 'min_child_weight': 4, 'max_depth': 4, 'learning_rate': 0.04, 'gamma': 0.7, 'colsample_bytree': 0.7}",0.758731248276425,0.7651288016687231,0.762672683406434,0.7621775777838606,0.0026351495257959526,23,0.8159623362943649,0.8122152818711179,0.8146592273222429,0.8142789484959086,0.00155318236791699
98.40647013982137,1.097026511330325,1.6461572647094727,0.02461953542890678,1.0,11.3,5,0.1,400,3,4,0.05,0.3,0.6,"{'subsample': 1.0, 'scale_pos_weight': 11.3, 'reg_lambda': 5, 'reg_alpha': 0.1, 'n_estimators': 400, 'min_child_weight': 3, 'max_depth': 4, 'learning_rate': 0.05, 'gamma': 0.3, 'colsample_bytree': 0.6}",0.7587697395291308,0.7642819019313778,0.7624977666621432,0.7618498027075505,0.0022965011868818544,33,0.8025931969012418,0.7992967800270985,0.8016508127999561,0.8011802632427655,0.0013862788840064805
121.65940300623576,0.5035098438348272,2.2334158420562744,0.023403589888793472,1.0,13.0,7,0.1,400,4,6,0.05,0.7,0.8,"{'subsample': 1.0, 'scale_pos_weight': 13, 'reg_lambda': 7, 'reg_alpha': 0.1, 'n_estimators': 400, 'min_child_weight': 4, 'max_depth': 6, 'learning_rate': 0.05, 'gamma': 0.7, 'colsample_bytree': 0.8}",0.7557096643993996,0.7614807993804688,0.7600593404581587,0.7590832680793423,0.00245506791609333,92,0.8692773824792651,0.867003563297475,0.8694042824131176,0.8685617427299525,0.0011030165475187004
138.05392344792685,0.6917345307489637,2.2724998792012534,0.017939789310274668,0.9,11.3,7,0.0,400,3,6,0.03,0.7,0.6,"{'subsample': 0.9, 'scale_pos_weight': 11.3, 'reg_lambda': 7, 'reg_alpha': 0, 'n_estimators': 400, 'min_child_weight': 3, 'max_depth': 6, 'learning_rate': 0.03, 'gamma': 0.7, 'colsample_bytree': 0.6}",0.7594366119794373,0.7642683387669487,0.7633982987836935,0.7623677498433598,0.0021028424059045575,19,0.8436706159613163,0.8420297409695948,0.842380415211376,0.8426935907140957,0.0007055384970560075
158.8535706202189,0.29503460278753907,2.2530785401662192,0.023384429516326053,0.9,13.0,5,0.0,600,3,4,0.03,0.3,0.7,"{'subsample': 0.9, 'scale_pos_weight': 13, 'reg_lambda': 5, 'reg_alpha': 0, 'n_estimators': 600, 'min_child_weight': 3, 'max_depth': 4, 'learning_rate': 0.03, 'gamma': 0.3, 'colsample_bytree': 0.7}",0.7587042261485787,0.7638742365121709,0.7622813883862904,0.7616199503490133,0.0021618475120107287,43,0.8020300716096148,0.7992542544603589,0.8002277005024854,0.8005040088574864,0.0011499420106562774
160.22602860132852,1.0461359008487554,2.5925721327463784,0.010255486040056704,1.0,12.0,5,0.05,600,3,5,0.03,0.5,0.8,"{'subsample': 1.0, 'scale_pos_weight': 12, 'reg_lambda': 5, 'reg_alpha': 0.05, 'n_estimators': 600, 'min_child_weight': 3, 'max_depth': 5, 'learning_rate': 0.03, 'gamma': 0.5, 'colsample_bytree': 0.8}",0.7578723834574802,0.7644535410369436,0.7626759998480249,0.7616673081141495,0.002779808510422202,42,0.8277108338611051,0.8231816334378457,0.8279380762841982,0.8262768478610497,0.0021906123989911858
159.94252061843872,0.6259915398379673,2.2143383820851645,0.015992279341292073,0.8,10.0,7,0.05,500,4,5,0.02,0.3,0.7,"{'subsample': 0.8, 'scale_pos_weight': 10, 'reg_lambda': 7, 'reg_alpha': 0.05, 'n_estimators': 500, 'min_child_weight': 4, 'max_depth': 5, 'learning_rate': 0.02, 'gamma': 0.3, 'colsample_bytree': 0.7}",0.7585123309674227,0.7631933029368293,0.7618092232905816,0.7611716190649446,0.0019634627584967346,58,0.8065904954720853,0.8027446723622916,0.8049402992324433,0.8047584890222733,0.001575305274615521
143.85543537139893,1.7178828568773519,2.224191665649414,0.01748817533257525,0.9,13.0,5,0.05,500,3,5,0.04,0.7,0.6,"{'subsample': 0.9, 'scale_pos_weight': 13, 'reg_lambda': 5, 'reg_alpha': 0.05, 'n_estimators': 500, 'min_child_weight': 3, 'max_depth': 5, 'learning_rate': 0.04, 'gamma': 0.7, 'colsample_bytree': 0.6}",0.759294056979438,0.7642877652421733,0.763350055078981,0.762310625766864,0.002167116444263168,21,0.8369784566986316,0.8337572258621012,0.8354025721438714,0.835379418234868,0.001315163894268221
206.65220959981283,0.6433997419378116,2.9748286406199136,0.03356847511196852,0.8,10.0,5,0.1,700,4,5,0.02,0.3,0.6,"{'subsample': 0.8, 'scale_pos_weight': 10, 'reg_lambda': 5, 'reg_alpha': 0.1, 'n_estimators': 700, 'min_child_weight': 4, 'max_depth': 5, 'learning_rate': 0.02, 'gamma': 0.3, 'colsample_bytree': 0.6}",0.7597075245915391,0.7647781141644725,0.7636457704528662,0.7627104697362926,0.0021731406193345277,8,0.8193965301133405,0.8172338918945403,0.818827712914429,0.8184860449741033,0.000915351936848551
133.93447995185852,0.6454056623436315,2.259282112121582,0.039235407835061444,0.9,12.0,5,0.05,400,4,6,0.04,0.5,0.8,"{'subsample': 0.9, 'scale_pos_weight': 12, 'reg_lambda': 5, 'reg_alpha': 0.05, 'n_estimators': 400, 'min_child_weight': 4, 'max_depth': 6, 'learning_rate': 0.04, 'gamma': 0.5, 'colsample_bytree': 0.8}",0.757840513978706,0.7630056128676709,0.7618835366308688,0.7609098878257486,0.002218190798823919,66,0.8627475915128916,0.8601014373522827,0.8627101636725374,0.8618530641792373,0.0012386814539362522
171.48705991109213,0.1338368857865431,2.590068737665812,0.023481505069948866,0.8,11.3,7,0.05,600,2,5,0.04,0.7,0.8,"{'subsample': 0.8, 'scale_pos_weight': 11.3, 'reg_lambda': 7, 'reg_alpha': 0.05, 'n_estimators': 600, 'min_child_weight': 2, 'max_depth': 5, 'learning_rate': 0.04, 'gamma': 0.7, 'colsample_bytree': 0.8}",0.7595659605030872,0.7652668920561277,0.7630497738367186,0.7626275421319778,0.0023464675368845326,10,0.8482673388377884,0.8459540474997451,0.8476119773131953,0.8472777878835762,0.0009735129291448567
213.5798156261444,1.5889786243559214,3.715550661087036,0.047952991185746044,0.9,12.0,7,0.05,700,4,6,0.05,0.5,0.8,"{'subsample': 0.9, 'scale_pos_weight': 12, 'reg_lambda': 7, 'reg_alpha': 0.05, 'n_estimators': 700, 'min_child_weight': 4, 'max_depth': 6, 'learning_rate': 0.05, 'gamma': 0.5, 'colsample_bytree': 0.8}",0.7552673631649343,0.7586385594723067,0.7589808386625511,0.7576289204332641,0.0016757094636241732,97,0.9171033146361411,0.9150689760168759,0.9170101309033232,0.9163941405187801,0.000937804713091773
152.54948075612387,1.3448806385018708,2.230717182159424,0.02889146368996722,0.9,13.0,7,0.0,600,2,4,0.05,0.7,0.8,"{'subsample': 0.9, 'scale_pos_weight': 13, 'reg_lambda': 7, 'reg_alpha': 0, 'n_estimators': 600, 'min_child_weight': 2, 'max_depth': 4, 'learning_rate': 0.05, 'gamma': 0.7, 'colsample_bytree': 0.8}",0.759833984542902,0.764741772057641,0.7636780882243198,0.7627512816082876,0.0021080516201930806,6,0.8225240385313852,0.8199105846687433,0.8210840888942041,0.8211729040314442,0.0010687847832910316
131.8945833047231,0.6637773555142659,1.9461501439412434,0.007184902415986068,0.8,10.0,5,0.1,500,3,4,0.04,0.7,0.6,"{'subsample': 0.8, 'scale_pos_weight': 10, 'reg_lambda': 5, 'reg_alpha': 0.1, 'n_estimators': 500, 'min_child_weight': 3, 'max_depth': 4, 'learning_rate': 0.04, 'gamma': 0.7, 'colsample_bytree': 0.6}",0.7595910719450678,0.7647473177557362,0.7637328766409572,0.7626904221139205,0.0022303589091913103,9,0.8050879918257772,0.8027918311475524,0.8041030653913852,0.8039942961215716,0.0009405535712541087
141.87486338615417,0.6783777118901654,2.2519856293996177,0.07625558161953547,0.8,12.0,5,0.05,500,4,5,0.05,0.3,0.6,"{'subsample': 0.8, 'scale_pos_weight': 12, 'reg_lambda': 5, 'reg_alpha': 0.05, 'n_estimators': 500, 'min_child_weight': 4, 'max_depth': 5, 'learning_rate': 0.05, 'gamma': 0.3, 'colsample_bytree': 0.6}",0.759276980036649,0.7648984142329285,0.7633601486839918,0.7625118476511897,0.002372037322284346,13,0.8488569058125813,0.8476168692237563,0.8481243622447192,0.8481993790936856,0.0005090142965430449
129.77438394228616,0.6508483969814579,2.187225262324015,0.03238494852069378,0.9,13.0,3,0.1,400,4,6,0.05,0.3,0.7,"{'subsample': 0.9, 'scale_pos_weight': 13, 'reg_lambda': 3, 'reg_alpha': 0.1, 'n_estimators': 400, 'min_child_weight': 4, 'max_depth': 6, 'learning_rate': 0.05, 'gamma': 0.3, 'colsample_bytree': 0.7}",0.7563932210348339,0.7616746002378267,0.7605298824011855,0.759532567891282,0.0022685118095643482,89,0.8769285641215702,0.8738363805818924,0.8762385024202488,0.8756678157079039,0.0013253080782718455
137.6689701875051,0.5307616580665317,1.9377038478851318,0.003556828392592189,0.8,10.0,3,0.05,500,4,4,0.03,0.7,0.8,"{'subsample': 0.8, 'scale_pos_weight': 10, 'reg_lambda': 3, 'reg_alpha': 0.05, 'n_estimators': 500, 'min_child_weight': 4, 'max_depth': 4, 'learning_rate': 0.03, 'gamma': 0.7, 'colsample_bytree': 0.8}",0.7587242658066824,0.7643394329132442,0.7620323857434772,0.7616986948211345,0.0023044938175072814,39,0.7971280357387794,0.7936825350330634,0.7958852420527391,0.7955652709415274,0.001424699947890785
130.97422313690186,1.8855723896963914,1.9567616780598958,0.08012234528517906,0.8,12.0,7,0.0,500,4,4,0.05,0.3,0.6,"{'subsample': 0.8, 'scale_pos_weight': 12, 'reg_lambda': 7, 'reg_alpha': 0, 'n_estimators': 500, 'min_child_weight': 4, 'max_depth': 4, 'learning_rate': 0.05, 'gamma': 0.3, 'colsample_bytree': 0.6}",0.760233192647272,0.764559557551281,0.7635377496418845,0.7627768332801459,0.0018463664502352596,5,0.8129269186364044,0.810878187908334,0.8117977498031903,0.8118676187826429,0.0008378486954704553
152.46949076652527,0.5269044398136936,2.784231185913086,0.03710692413758504,1.0,12.0,7,0.1,500,4,6,0.03,0.7,0.6,"{'subsample': 1.0, 'scale_pos_weight': 12, 'reg_lambda': 7, 'reg_alpha': 0.1, 'n_estimators': 500, 'min_child_weight': 4, 'max_depth': 6, 'learning_rate': 0.03, 'gamma': 0.7, 'colsample_bytree': 0.6}",0.7579194913323393,0.7642214282728526,0.7622837459654637,0.7614748885235518,0.0026355631999699304,47,0.850394715300407,0.8478794898284611,0.8512246364216282,0.8498329471834988,0.0014222491566354422
156.2851714293162,0.13157711376138623,2.636714299519857,0.029350163218637988,1.0,11.3,7,0.05,600,4,5,0.04,0.7,0.8,"{'subsample': 1.0, 'scale_pos_weight': 11.3, 'reg_lambda': 7, 'reg_alpha': 0.05, 'n_estimators': 600, 'min_child_weight': 4, 'max_depth': 5, 'learning_rate': 0.04, 'gamma': 0.7, 'colsample_bytree': 0.8}",0.7570831199049461,0.7648032135832592,0.7621791207498148,0.7613551514126734,0.0032051162955389744,51,0.8400754400292646,0.8381311389456572,0.84122029249184,0.8398089571555872,0.0012751411031584107
134.06140263875326,0.22882670061286103,2.2592153549194336,0.010301471601932871,0.9,13.0,7,0.05,400,4,6,0.04,0.5,0.6,"{'subsample': 0.9, 'scale_pos_weight': 13, 'reg_lambda': 7, 'reg_alpha': 0.05, 'n_estimators': 400, 'min_child_weight': 4, 'max_depth': 6, 'learning_rate': 0.04, 'gamma': 0.5, 'colsample_bytree': 0.6}",0.7586648301505468,0.7635585785827725,0.7628354605717776,0.7616862897683657,0.0021567936976043894,41,0.8592002261277154,0.8566879571286138,0.8598819145036307,0.8585900325866533,0.0013734610894917244
147.82113432884216,0.776239453133956,2.2298428217569985,0.02120142160859176,1.0,11.3,7,0.0,500,4,5,0.02,0.5,0.7,"{'subsample': 1.0, 'scale_pos_weight': 11.3, 'reg_lambda': 7, 'reg_alpha': 0, 'n_estimators': 500, 'min_child_weight': 4, 'max_depth': 5, 'learning_rate': 0.02, 'gamma': 0.5, 'colsample_bytree': 0.7}",0.7579059512123648,0.7625625561758678,0.7612985413828988,0.7605890162570438,0.001966140360315904,72,0.8048692020644361,0.8013499991934387,0.8041921136726435,0.8034704383101728,0.0015246439384125085
218.64286478360495,2.557814281701545,3.728248675664266,0.022601680192336937,0.9,11.3,5,0.05,700,3,6,0.04,0.3,0.8,"{'subsample': 0.9, 'scale_pos_weight': 11.3, 'reg_lambda': 5, 'reg_alpha': 0.05, 'n_estimators': 700, 'min_child_weight': 3, 'max_depth': 6, 'learning_rate': 0.04, 'gamma': 0.3, 'colsample_bytree': 0.8}",0.7560447598252839,0.760925746639327,0.7603752540634725,0.7591152535093612,0.002182767221821345,91,0.9017132976803198,0.9003242135802273,0.9027749210446888,0.9016041441017454,0.0010034698623205952
165.85419416427612,0.44593539260003157,2.77140220006307,0.009855156801985404,0.8,12.0,5,0.1,500,3,6,0.03,0.5,0.6,"{'subsample': 0.8, 'scale_pos_weight': 12, 'reg_lambda': 5, 'reg_alpha': 0.1, 'n_estimators': 500, 'min_child_weight': 3, 'max_depth': 6, 'learning_rate': 0.03, 'gamma': 0.5, 'colsample_bytree': 0.6}",0.7589417253034483,0.763941220730086,0.7633186801388071,0.7620672087241137,0.002224615945369548,25,0.8578577409792135,0.8556778235630711,0.8572709560058118,0.8569355068493655,0.0009210155944103929
133.25799520810446,2.4057577972045965,1.9463757673899333,0.013845479690776239,0.9,11.3,3,0.1,500,3,4,0.04,0.3,0.6,"{'subsample': 0.9, 'scale_pos_weight': 11.3, 'reg_lambda': 3, 'reg_alpha': 0.1, 'n_estimators': 500, 'min_child_weight': 3, 'max_depth': 4, 'learning_rate': 0.04, 'gamma': 0.3, 'colsample_bytree': 0.6}",0.7597430521269972,0.7644222266289454,0.7625249183995058,0.7622300657184828,0.0019216090623139063,22,0.8058111716850306,0.8026010618754723,0.8040020648031704,0.8041380994545578,0.0013140472637717723
181.50372060139975,0.9653142189446918,3.267160495122274,0.024766697825927123,0.9,12.0,3,0.1,600,3,6,0.05,0.5,0.6,"{'subsample': 0.9, 'scale_pos_weight': 12, 'reg_lambda': 3, 'reg_alpha': 0.1, 'n_estimators': 600, 'min_child_weight': 3, 'max_depth': 6, 'learning_rate': 0.05, 'gamma': 0.5, 'colsample_bytree': 0.6}",0.7550928755643939,0.759483351143023,0.7601352849666966,0.7582371705580377,0.0022392257118482185,95,0.9059796485557094,0.9044761076515812,0.9039930476583768,0.9048162679552224,0.000845942297264101
182.91024796168008,0.7221629256415959,2.58725372950236,0.0666297847519408,0.9,10.0,7,0.05,700,3,4,0.03,0.5,0.8,"{'subsample': 0.9, 'scale_pos_weight': 10, 'reg_lambda': 7, 'reg_alpha': 0.05, 'n_estimators': 700, 'min_child_weight': 3, 'max_depth': 4, 'learning_rate': 0.03, 'gamma': 0.5, 'colsample_bytree': 0.8}",0.7599044244270738,0.765288937583714,0.7632374263178857,0.7628102627762244,0.0022188731377287075,4,0.8072382145118305,0.8049243610857537,0.8060884949438261,0.8060836901804702,0.0009446328153150431
185.57664847373962,1.2349652165569767,3.044218063354492,0.04532459827312705,1.0,12.0,5,0.1,700,2,5,0.03,0.3,0.7,"{'subsample': 1.0, 'scale_pos_weight': 12, 'reg_lambda': 5, 'reg_alpha': 0.1, 'n_estimators': 700, 'min_child_weight': 2, 'max_depth': 5, 'learning_rate': 0.03, 'gamma': 0.3, 'colsample_bytree': 0.7}",0.7585362861789422,0.7650154469984958,0.7626923195461007,0.7620813509078462,0.002680154627269038,24,0.8359633297173337,0.8313315041425686,0.8359493930050582,0.8344147422883202,0.0021801860250217704
148.43924673398337,0.909789002642324,2.7763266563415527,0.09091025260351085,1.0,13.0,7,0.0,500,4,6,0.04,0.7,0.7,"{'subsample': 1.0, 'scale_pos_weight': 13, 'reg_lambda': 7, 'reg_alpha': 0, 'n_estimators': 500, 'min_child_weight': 4, 'max_depth': 6, 'learning_rate': 0.04, 'gamma': 0.7, 'colsample_bytree': 0.7}",0.7566406182839193,0.7628479887982309,0.7610170706767169,0.7601685592529557,0.002604206968564047,78,0.8678356284259441,0.8653927762970783,0.8694581828914522,0.8675621958714915,0.0016709192511449851
147.04332836469015,4.268235941462618,2.2310113112131753,0.035597728904947314,1.0,10.0,3,0.05,400,3,6,0.02,0.7,0.8,"{'subsample': 1.0, 'scale_pos_weight': 10, 'reg_lambda': 3, 'reg_alpha': 0.05, 'n_estimators': 400, 'min_child_weight': 3, 'max_depth': 6, 'learning_rate': 0.02, 'gamma': 0.7, 'colsample_bytree': 0.8}",0.7572638986415916,0.7615837319456216,0.7604943994820018,0.7597806766897383,0.0018343554929545686,87,0.8254523135433258,0.8219944591746244,0.8259314162765106,0.8244593963314869,0.0017539139560228012
146.34628987312317,1.1028210278522455,2.273604472478231,0.009548073837154078,1.0,10.0,5,0.0,600,2,4,0.03,0.7,0.6,"{'subsample': 1.0, 'scale_pos_weight': 10, 'reg_lambda': 5, 'reg_alpha': 0, 'n_estimators': 600, 'min_child_weight': 2, 'max_depth': 4, 'learning_rate': 0.03, 'gamma': 0.7, 'colsample_bytree': 0.6}",0.7590984155715107,0.7643895966831695,0.7623516438448728,0.7619465520331844,0.0021790248462736023,30,0.7994132437158608,0.7959780304234908,0.797774510853397,0.7977219283309162,0.0014029127514500297
131.42394789059958,2.201878481739132,2.2747925917307534,0.06189913428485944,0.8,13.0,3,0.05,400,4,6,0.05,0.5,0.7,"{'subsample': 0.8, 'scale_pos_weight': 13, 'reg_lambda': 3, 'reg_alpha': 0.05, 'n_estimators': 400, 'min_child_weight': 4, 'max_depth': 6, 'learning_rate': 0.05, 'gamma': 0.5, 'colsample_bytree': 0.7}",0.7564677738531846,0.7606685013926666,0.7610275339998386,0.75938793641523,0.002070062502249858,90,0.8773611615003162,0.8755041173198962,0.8762490427533947,0.8763714405245357,0.0007630592737103943
144.51589258511862,13.167773391383179,1.763904333114624,0.29232360485914805,0.8,10.0,7,0.0,500,3,6,0.05,0.5,0.8,"{'subsample': 0.8, 'scale_pos_weight': 10, 'reg_lambda': 7, 'reg_alpha': 0, 'n_estimators': 500, 'min_child_weight': 3, 'max_depth': 6, 'learning_rate': 0.05, 'gamma': 0.5, 'colsample_bytree': 0.8}",0.7574626700876126,0.7628955114732728,0.761891227569132,0.7607498030433391,0.002360237112593668,69,0.8925166635055477,0.8917580595759212,0.8919408442438138,0.8920718557750943,0.00032325737579366455
101.81605100631714,1.409652877781674,1.1880659262339275,0.022739875575782605,0.8,13.0,5,0.05,500,3,6,0.04,0.3,0.6,"{'subsample': 0.8, 'scale_pos_weight': 13, 'reg_lambda': 5, 'reg_alpha': 0.05, 'n_estimators': 500, 'min_child_weight': 3, 'max_depth': 6, 'learning_rate': 0.04, 'gamma': 0.3, 'colsample_bytree': 0.6}",0.7578132163193373,0.7622362597239082,0.7625095605696857,0.7608530122043105,0.002152354153758184,67,0.875483527714597,0.8740924429918995,0.8760570799417741,0.8752110168827568,0.0008248822951612746
